[
    {
        "Award_Year":2002,
        "Best_Animated_Film":"Shrek",
        "Country":"USA",
        "Studio":"Dreamworks",
        "Director":"Aron Warner",
        "Director_Gender":"Male",
        "Animation_Style":"3D",
        "Budget":"\ufffd60,000,000.00",
        "Box_Office":"\ufffd492,200,000.00",
        "Profit":"\ufffd432,200,000.00",
        "Percentage_difference":"720.33%",
        "IMDb_Score":7.9,
        "Films":1
    },
    {
        "Award_Year":2003,
        "Best_Animated_Film":"Spirited Away",
        "Country":"Japan",
        "Studio":"Studio Ghibli",
        "Director":"Hayao Miyazaki",
        "Director_Gender":"Male",
        "Animation_Style":"2D",
        "Budget":"\ufffd19,200,000.00",
        "Box_Office":"\ufffd395,800,000.00",
        "Profit":"\ufffd376,600,000.00",
        "Percentage_difference":"1961.46%",
        "IMDb_Score":8.6,
        "Films":1
    },
    {
        "Award_Year":2004,
        "Best_Animated_Film":"Finding Nemo",
        "Country":"USA",
        "Studio":"Pixar",
        "Director":"Andrew Stanton",
        "Director_Gender":"Male",
        "Animation_Style":"3D",
        "Budget":"\ufffd94,000,000.00",
        "Box_Office":"\ufffd940,300,000.00",
        "Profit":"\ufffd846,300,000.00",
        "Percentage_difference":"900.32%",
        "IMDb_Score":8.2,
        "Films":1
    },
    {
        "Award_Year":2005,
        "Best_Animated_Film":"The Incredibles",
        "Country":"USA",
        "Studio":"Pixar",
        "Director":"Brad Bird",
        "Director_Gender":"Male",
        "Animation_Style":"3D",
        "Budget":"\ufffd92,000,000.00",
        "Box_Office":"\ufffd631,600,000.00",
        "Profit":"\ufffd539,600,000.00",
        "Percentage_difference":"586.52%",
        "IMDb_Score":8.0,
        "Films":1
    },
    {
        "Award_Year":2006,
        "Best_Animated_Film":"Wallace and Gromit: The Curse of the Wererabbit",
        "Country":"UK",
        "Studio":"Aardman",
        "Director":"Nick Park",
        "Director_Gender":"Male",
        "Animation_Style":"Stopmotion",
        "Budget":"\ufffd30,000,000.00",
        "Box_Office":"\ufffd192,600,000.00",
        "Profit":"\ufffd162,600,000.00",
        "Percentage_difference":"542.00%",
        "IMDb_Score":7.5,
        "Films":1
    },
    {
        "Award_Year":2007,
        "Best_Animated_Film":"Happy Feet",
        "Country":"USA",
        "Studio":"Warner Brothers",
        "Director":"George Miller",
        "Director_Gender":"Male",
        "Animation_Style":"3D",
        "Budget":"\ufffd100,000,000.00",
        "Box_Office":"\ufffd384,300,000.00",
        "Profit":"\ufffd284,300,000.00",
        "Percentage_difference":"284.30%",
        "IMDb_Score":6.4,
        "Films":1
    },
    {
        "Award_Year":2008,
        "Best_Animated_Film":"Ratatouille",
        "Country":"USA",
        "Studio":"Pixar",
        "Director":"Brad Bird",
        "Director_Gender":"Male",
        "Animation_Style":"3D",
        "Budget":"\ufffd150,000,000.00",
        "Box_Office":"\ufffd623,700,000.00",
        "Profit":"\ufffd473,700,000.00",
        "Percentage_difference":"315.80%",
        "IMDb_Score":8.1,
        "Films":1
    },
    {
        "Award_Year":2009,
        "Best_Animated_Film":"WALL-E",
        "Country":"USA",
        "Studio":"Pixar",
        "Director":"Andrew Stanton",
        "Director_Gender":"Male",
        "Animation_Style":"3D",
        "Budget":"\ufffd180,000,000.00",
        "Box_Office":"\ufffd532,500,000.00",
        "Profit":"\ufffd352,500,000.00",
        "Percentage_difference":"195.83%",
        "IMDb_Score":8.4,
        "Films":1
    },
    {
        "Award_Year":2010,
        "Best_Animated_Film":"Up",
        "Country":"USA",
        "Studio":"Pixar",
        "Director":"Pete Docter",
        "Director_Gender":"Male",
        "Animation_Style":"3D",
        "Budget":"\ufffd175,000,000.00",
        "Box_Office":"\ufffd735,100,000.00",
        "Profit":"\ufffd560,100,000.00",
        "Percentage_difference":"320.06%",
        "IMDb_Score":8.3,
        "Films":1
    },
    {
        "Award_Year":2011,
        "Best_Animated_Film":"Toy Story 3",
        "Country":"USA",
        "Studio":"Pixar",
        "Director":"Lee Unkrich",
        "Director_Gender":"Male",
        "Animation_Style":"3D",
        "Budget":"\ufffd200,000,000.00",
        "Box_Office":"\ufffd1,067,000,000.00",
        "Profit":"\ufffd867,000,000.00",
        "Percentage_difference":"433.50%",
        "IMDb_Score":8.3,
        "Films":1
    },
    {
        "Award_Year":2012,
        "Best_Animated_Film":"Rango",
        "Country":"USA",
        "Studio":"Nickelodeon Movies",
        "Director":"Gore Verbinski",
        "Director_Gender":"Male",
        "Animation_Style":"3D",
        "Budget":"\ufffd135,000,000.00",
        "Box_Office":"\ufffd245,700,000.00",
        "Profit":"\ufffd110,700,000.00",
        "Percentage_difference":"82.00%",
        "IMDb_Score":7.3,
        "Films":1
    },
    {
        "Award_Year":2013,
        "Best_Animated_Film":"Brave ",
        "Country":"USA",
        "Studio":"Pixar",
        "Director":"Brenda Chapman",
        "Director_Gender":"Female",
        "Animation_Style":"3D",
        "Budget":"\ufffd185,000,000.00",
        "Box_Office":"\ufffd539,000,000.00",
        "Profit":"\ufffd354,000,000.00",
        "Percentage_difference":"191.35%",
        "IMDb_Score":7.1,
        "Films":1
    },
    {
        "Award_Year":2014,
        "Best_Animated_Film":"Frozen",
        "Country":"USA",
        "Studio":"Disney",
        "Director":"Jennifer Lee",
        "Director_Gender":"Female",
        "Animation_Style":"3D",
        "Budget":"\ufffd150,000,000.00",
        "Box_Office":"\ufffd1,280,000,000.00",
        "Profit":"\ufffd1,130,000,000.00",
        "Percentage_difference":"753.33%",
        "IMDb_Score":7.4,
        "Films":1
    },
    {
        "Award_Year":2015,
        "Best_Animated_Film":"Big Hero 6",
        "Country":"USA",
        "Studio":"Disney",
        "Director":"Don Hall",
        "Director_Gender":"Male",
        "Animation_Style":"3D",
        "Budget":"\ufffd165,000,000.00",
        "Box_Office":"\ufffd657,800,000.00",
        "Profit":"\ufffd492,800,000.00",
        "Percentage_difference":"298.67%",
        "IMDb_Score":7.8,
        "Films":1
    },
    {
        "Award_Year":2016,
        "Best_Animated_Film":"Inside Out",
        "Country":"USA",
        "Studio":"Pixar",
        "Director":"Pete Docter",
        "Director_Gender":"Male",
        "Animation_Style":"3D",
        "Budget":"\ufffd175,000,000.00",
        "Box_Office":"\ufffd858,800,000.00",
        "Profit":"\ufffd683,800,000.00",
        "Percentage_difference":"390.74%",
        "IMDb_Score":8.1,
        "Films":1
    },
    {
        "Award_Year":2017,
        "Best_Animated_Film":"Zootopia",
        "Country":"USA",
        "Studio":"Disney",
        "Director":"Rich Moore",
        "Director_Gender":"Male",
        "Animation_Style":"3D",
        "Budget":"\ufffd150,000,000.00",
        "Box_Office":"\ufffd1,025,000,000.00",
        "Profit":"\ufffd875,000,000.00",
        "Percentage_difference":"583.33%",
        "IMDb_Score":8.0,
        "Films":1
    },
    {
        "Award_Year":2018,
        "Best_Animated_Film":"Coco",
        "Country":"USA",
        "Studio":"Pixar",
        "Director":"Lee Unkrich",
        "Director_Gender":"Male",
        "Animation_Style":"3D",
        "Budget":"\ufffd175,000,000.00",
        "Box_Office":"\ufffd814,300,000.00",
        "Profit":"\ufffd639,300,000.00",
        "Percentage_difference":"365.31%",
        "IMDb_Score":8.4,
        "Films":1
    },
    {
        "Award_Year":2019,
        "Best_Animated_Film":"Spiderman: Into the Spiderverse",
        "Country":"USA",
        "Studio":"Sony",
        "Director":"Chris Miller",
        "Director_Gender":"Male",
        "Animation_Style":"3D",
        "Budget":"\ufffd90,000,000.00",
        "Box_Office":"\ufffd384,300,000.00",
        "Profit":"\ufffd294,300,000.00",
        "Percentage_difference":"327.00%",
        "IMDb_Score":8.4,
        "Films":1
    },
    {
        "Award_Year":2020,
        "Best_Animated_Film":"Toy Story 4",
        "Country":"USA",
        "Studio":"Pixar",
        "Director":"Josh Cooley",
        "Director_Gender":"Male",
        "Animation_Style":"3D",
        "Budget":"\ufffd200,000,000.00",
        "Box_Office":"\ufffd1,073,000,000.00",
        "Profit":"\ufffd873,000,000.00",
        "Percentage_difference":"436.50%",
        "IMDb_Score":7.7,
        "Films":1
    },
    {
        "Award_Year":2021,
        "Best_Animated_Film":"Soul",
        "Country":"USA",
        "Studio":"Pixar",
        "Director":"Pete Docter",
        "Director_Gender":"Male",
        "Animation_Style":"3D",
        "Budget":"\ufffd150,000,000.00",
        "Box_Office":"\ufffd122,200,000.00",
        "Profit":"-\ufffd27,800,000.00",
        "Percentage_difference":"-18.53%",
        "IMDb_Score":8.0,
        "Films":1
    },
    {
        "Award_Year":2022,
        "Best_Animated_Film":"Encanto",
        "Country":"USA",
        "Studio":"Disney",
        "Director":"Byron Howard",
        "Director_Gender":"Male",
        "Animation_Style":"3D",
        "Budget":"\ufffd120,000,000.00",
        "Box_Office":"\ufffd256,800,000.00",
        "Profit":"\ufffd136,800,000.00",
        "Percentage_difference":"114.00%",
        "IMDb_Score":7.2,
        "Films":1
    },
    {
        "Award_Year":2023,
        "Best_Animated_Film":"Pinocchio",
        "Country":"USA",
        "Studio":"Netflix",
        "Director":"Guillermo del Toro",
        "Director_Gender":"Male",
        "Animation_Style":"Stopmotion",
        "Budget":"\ufffd35,000,000.00",
        "Box_Office":"\ufffd109,846.00",
        "Profit":"-\ufffd34,890,154.00",
        "Percentage_difference":"-99.69%",
        "IMDb_Score":7.6,
        "Films":1
    },
    {
        "Award_Year":2024,
        "Best_Animated_Film":"The Boy and the Heron",
        "Country":"Japan",
        "Studio":"Studio Ghibli",
        "Director":"Hayao Miyazaki",
        "Director_Gender":"Male",
        "Animation_Style":"2D",
        "Budget":"Unknown",
        "Box_Office":"\ufffd167,800,000.00",
        "Profit":"#VALUE!",
        "Percentage_difference":"#VALUE!",
        "IMDb_Score":7.6,
        "Films":1
    }
]