[
    {
        "film_title":"Onward",
        "brand":"Pixar",
        "box_office_revenue":"$61,555,145 ",
        "opening_revenue":"$39,119,861 ",
        "release_date":"3\/6\/2020",
        "opening_revenue_over_total_revenue":64,
        "imdb_score":7.4,
        "rt_critics_score":88,
        "rt_audience_score":95
    },
    {
        "film_title":"The Marvels",
        "brand":"Marvel",
        "box_office_revenue":"$84,500,223 ",
        "opening_revenue":"$46,110,859 ",
        "release_date":"11\/10\/2023",
        "opening_revenue_over_total_revenue":55,
        "imdb_score":5.6,
        "rt_critics_score":62,
        "rt_audience_score":82
    },
    {
        "film_title":"Ant-Man and the Wasp: Quantumania",
        "brand":"Marvel",
        "box_office_revenue":"$214,504,909 ",
        "opening_revenue":"$106,109,650 ",
        "release_date":"2\/17\/2023",
        "opening_revenue_over_total_revenue":50,
        "imdb_score":6.5,
        "rt_critics_score":47,
        "rt_audience_score":82
    },
    {
        "film_title":"Doctor Strange in the Multiverse of Madness",
        "brand":"Marvel",
        "box_office_revenue":"$411,331,607 ",
        "opening_revenue":"$187,420,998 ",
        "release_date":"5\/6\/2022",
        "opening_revenue_over_total_revenue":46,
        "imdb_score":7.0,
        "rt_critics_score":74,
        "rt_audience_score":85
    },
    {
        "film_title":"Captain America: Civil War",
        "brand":"Marvel",
        "box_office_revenue":"$408,084,349 ",
        "opening_revenue":"$179,139,142 ",
        "release_date":"5\/6\/2016",
        "opening_revenue_over_total_revenue":44,
        "imdb_score":7.8,
        "rt_critics_score":90,
        "rt_audience_score":89
    },
    {
        "film_title":"Black Widow",
        "brand":"Marvel",
        "box_office_revenue":"$183,651,655 ",
        "opening_revenue":"$80,366,312 ",
        "release_date":"7\/9\/2021",
        "opening_revenue_over_total_revenue":44,
        "imdb_score":6.7,
        "rt_critics_score":79,
        "rt_audience_score":91
    },
    {
        "film_title":"Eternals",
        "brand":"Marvel",
        "box_office_revenue":"$164,870,234 ",
        "opening_revenue":"$71,297,219 ",
        "release_date":"11\/5\/2021",
        "opening_revenue_over_total_revenue":43,
        "imdb_score":6.3,
        "rt_critics_score":47,
        "rt_audience_score":77
    },
    {
        "film_title":"Lightyear",
        "brand":"Pixar",
        "box_office_revenue":"$118,307,188 ",
        "opening_revenue":"$50,577,961 ",
        "release_date":"6\/17\/2022",
        "opening_revenue_over_total_revenue":43,
        "imdb_score":6.1,
        "rt_critics_score":74,
        "rt_audience_score":84
    },
    {
        "film_title":"Iron Man 3",
        "brand":"Marvel",
        "box_office_revenue":"$409,013,994 ",
        "opening_revenue":"$174,144,585 ",
        "release_date":"5\/3\/2013",
        "opening_revenue_over_total_revenue":43,
        "imdb_score":7.1,
        "rt_critics_score":79,
        "rt_audience_score":78
    },
    {
        "film_title":"Thor: Love and Thunder",
        "brand":"Marvel",
        "box_office_revenue":"$343,256,830 ",
        "opening_revenue":"$144,165,107 ",
        "release_date":"7\/8\/2022",
        "opening_revenue_over_total_revenue":42,
        "imdb_score":6.7,
        "rt_critics_score":65,
        "rt_audience_score":76
    },
    {
        "film_title":"Avengers: Age of Ultron",
        "brand":"Marvel",
        "box_office_revenue":"$459,005,868 ",
        "opening_revenue":"$191,271,109 ",
        "release_date":"5\/1\/2015",
        "opening_revenue_over_total_revenue":42,
        "imdb_score":7.3,
        "rt_critics_score":76,
        "rt_audience_score":82
    },
    {
        "film_title":"Avengers: Endgame",
        "brand":"Marvel",
        "box_office_revenue":"$858,373,000 ",
        "opening_revenue":"$357,115,007 ",
        "release_date":"4\/26\/2019",
        "opening_revenue_over_total_revenue":42,
        "imdb_score":8.4,
        "rt_critics_score":94,
        "rt_audience_score":90
    },
    {
        "film_title":"Thor: The Dark World",
        "brand":"Marvel",
        "box_office_revenue":"$206,362,140 ",
        "opening_revenue":"$85,737,841 ",
        "release_date":"11\/8\/2013",
        "opening_revenue_over_total_revenue":42,
        "imdb_score":6.8,
        "rt_critics_score":66,
        "rt_audience_score":75
    },
    {
        "film_title":"Iron Man 2",
        "brand":"Marvel",
        "box_office_revenue":"$312,433,331 ",
        "opening_revenue":"$128,122,480 ",
        "release_date":"5\/7\/2010",
        "opening_revenue_over_total_revenue":41,
        "imdb_score":7.0,
        "rt_critics_score":72,
        "rt_audience_score":71
    },
    {
        "film_title":"Dumbo",
        "brand":"Disney Live Action Remake",
        "box_office_revenue":"$114,766,307 ",
        "opening_revenue":"$45,990,748 ",
        "release_date":"3\/29\/2019",
        "opening_revenue_over_total_revenue":40,
        "imdb_score":6.3,
        "rt_critics_score":46,
        "rt_audience_score":48
    },
    {
        "film_title":"Black Panther: Wakanda Forever",
        "brand":"Marvel",
        "box_office_revenue":"$453,829,060 ",
        "opening_revenue":"$181,339,761 ",
        "release_date":"11\/11\/2022",
        "opening_revenue_over_total_revenue":40,
        "imdb_score":7.2,
        "rt_critics_score":84,
        "rt_audience_score":94
    },
    {
        "film_title":"Solo: A Star Wars Story",
        "brand":"Lucasfilm",
        "box_office_revenue":"$213,767,512 ",
        "opening_revenue":"$84,420,489 ",
        "release_date":"5\/25\/2018",
        "opening_revenue_over_total_revenue":40,
        "imdb_score":6.9,
        "rt_critics_score":69,
        "rt_audience_score":63
    },
    {
        "film_title":"Thor: Ragnarok",
        "brand":"Marvel",
        "box_office_revenue":"$315,058,289 ",
        "opening_revenue":"$122,744,989 ",
        "release_date":"11\/3\/2017",
        "opening_revenue_over_total_revenue":39,
        "imdb_score":7.9,
        "rt_critics_score":93,
        "rt_audience_score":87
    },
    {
        "film_title":"Avengers: Infinity War",
        "brand":"Marvel",
        "box_office_revenue":"$678,815,482 ",
        "opening_revenue":"$257,698,183 ",
        "release_date":"4\/27\/2018",
        "opening_revenue_over_total_revenue":38,
        "imdb_score":8.4,
        "rt_critics_score":85,
        "rt_audience_score":92
    },
    {
        "film_title":"Guardians of the Galaxy Vol. 2",
        "brand":"Marvel",
        "box_office_revenue":"$389,813,101 ",
        "opening_revenue":"$146,510,104 ",
        "release_date":"5\/5\/2017",
        "opening_revenue_over_total_revenue":38,
        "imdb_score":7.6,
        "rt_critics_score":85,
        "rt_audience_score":87
    },
    {
        "film_title":"Captain America: The First Avenger",
        "brand":"Marvel",
        "box_office_revenue":"$176,654,505 ",
        "opening_revenue":"$65,058,524 ",
        "release_date":"7\/22\/2011",
        "opening_revenue_over_total_revenue":37,
        "imdb_score":6.9,
        "rt_critics_score":80,
        "rt_audience_score":75
    },
    {
        "film_title":"Captain America: The Winter Soldier",
        "brand":"Marvel",
        "box_office_revenue":"$259,766,572 ",
        "opening_revenue":"$95,023,721 ",
        "release_date":"4\/4\/2014",
        "opening_revenue_over_total_revenue":37,
        "imdb_score":7.7,
        "rt_critics_score":90,
        "rt_audience_score":92
    },
    {
        "film_title":"Doctor Strange",
        "brand":"Marvel",
        "box_office_revenue":"$232,641,920 ",
        "opening_revenue":"$85,058,311 ",
        "release_date":"11\/4\/2016",
        "opening_revenue_over_total_revenue":37,
        "imdb_score":7.5,
        "rt_critics_score":89,
        "rt_audience_score":86
    },
    {
        "film_title":"Thor",
        "brand":"Marvel",
        "box_office_revenue":"$181,030,624 ",
        "opening_revenue":"$65,723,338 ",
        "release_date":"5\/6\/2011",
        "opening_revenue_over_total_revenue":36,
        "imdb_score":7.0,
        "rt_critics_score":77,
        "rt_audience_score":76
    },
    {
        "film_title":"Captain Marvel",
        "brand":"Marvel",
        "box_office_revenue":"$426,829,839 ",
        "opening_revenue":"$153,433,423 ",
        "release_date":"3\/8\/2019",
        "opening_revenue_over_total_revenue":36,
        "imdb_score":6.9,
        "rt_critics_score":79,
        "rt_audience_score":45
    },
    {
        "film_title":"Star Wars: Episode VIII - The Last Jedi",
        "brand":"Lucasfilm",
        "box_office_revenue":"$620,181,382 ",
        "opening_revenue":"$220,009,584 ",
        "release_date":"12\/15\/2017",
        "opening_revenue_over_total_revenue":36,
        "imdb_score":6.9,
        "rt_critics_score":91,
        "rt_audience_score":42
    },
    {
        "film_title":"The Lion King",
        "brand":"Disney Live Action Remake",
        "box_office_revenue":"$543,638,043 ",
        "opening_revenue":"$191,770,759 ",
        "release_date":"7\/19\/2019",
        "opening_revenue_over_total_revenue":35,
        "imdb_score":6.8,
        "rt_critics_score":52,
        "rt_audience_score":88
    },
    {
        "film_title":"Cars 3",
        "brand":"Pixar",
        "box_office_revenue":"$152,901,115 ",
        "opening_revenue":"$53,688,680 ",
        "release_date":"6\/16\/2017",
        "opening_revenue_over_total_revenue":35,
        "imdb_score":6.7,
        "rt_critics_score":69,
        "rt_audience_score":68
    },
    {
        "film_title":"Spider-Man: Homecoming",
        "brand":"Marvel",
        "box_office_revenue":"$334,201,140 ",
        "opening_revenue":"$117,027,503 ",
        "release_date":"7\/7\/2017",
        "opening_revenue_over_total_revenue":35,
        "imdb_score":7.9,
        "rt_critics_score":92,
        "rt_audience_score":87
    },
    {
        "film_title":"Ant-Man and the Wasp",
        "brand":"Marvel",
        "box_office_revenue":"$216,648,740 ",
        "opening_revenue":"$75,812,205 ",
        "release_date":"7\/6\/2018",
        "opening_revenue_over_total_revenue":35,
        "imdb_score":7.0,
        "rt_critics_score":87,
        "rt_audience_score":79
    },
    {
        "film_title":"Alice Through the Looking Glass",
        "brand":"Disney Live Action Remake",
        "box_office_revenue":"$77,041,381 ",
        "opening_revenue":"$26,858,726 ",
        "release_date":"5\/27\/2016",
        "opening_revenue_over_total_revenue":35,
        "imdb_score":6.2,
        "rt_critics_score":21,
        "rt_audience_score":48
    },
    {
        "film_title":"Alice in Wonderland",
        "brand":"Disney Live Action Remake",
        "box_office_revenue":"$334,191,110 ",
        "opening_revenue":"$116,101,023 ",
        "release_date":"3\/5\/2010",
        "opening_revenue_over_total_revenue":35,
        "imdb_score":6.4,
        "rt_critics_score":51,
        "rt_audience_score":55
    },
    {
        "film_title":"Beauty and the Beast",
        "brand":"Disney Live Action Remake",
        "box_office_revenue":"$504,014,165 ",
        "opening_revenue":"$174,750,616 ",
        "release_date":"3\/17\/2017",
        "opening_revenue_over_total_revenue":35,
        "imdb_score":7.1,
        "rt_critics_score":71,
        "rt_audience_score":80
    },
    {
        "film_title":"Indiana Jones and the Dial of Destiny",
        "brand":"Lucasfilm",
        "box_office_revenue":"$174,480,468 ",
        "opening_revenue":"$60,368,101 ",
        "release_date":"6\/30\/2023",
        "opening_revenue_over_total_revenue":35,
        "imdb_score":6.6,
        "rt_critics_score":70,
        "rt_audience_score":88
    },
    {
        "film_title":"Cars 2",
        "brand":"Pixar",
        "box_office_revenue":"$191,452,396 ",
        "opening_revenue":"$66,135,507 ",
        "release_date":"6\/24\/2011",
        "opening_revenue_over_total_revenue":35,
        "imdb_score":6.2,
        "rt_critics_score":40,
        "rt_audience_score":49
    },
    {
        "film_title":"Star Wars: Episode IX - The Rise of Skywalker",
        "brand":"Lucasfilm",
        "box_office_revenue":"$515,202,542 ",
        "opening_revenue":"$177,383,864 ",
        "release_date":"12\/20\/2019",
        "opening_revenue_over_total_revenue":34,
        "imdb_score":6.4,
        "rt_critics_score":51,
        "rt_audience_score":86
    },
    {
        "film_title":"Cinderella",
        "brand":"Disney Live Action Remake",
        "box_office_revenue":"$201,151,353 ",
        "opening_revenue":"$67,877,361 ",
        "release_date":"3\/13\/2015",
        "opening_revenue_over_total_revenue":34,
        "imdb_score":6.9,
        "rt_critics_score":84,
        "rt_audience_score":78
    },
    {
        "film_title":"Oz the Great and Powerful",
        "brand":"Disney Live Action Remake",
        "box_office_revenue":"$234,911,825 ",
        "opening_revenue":"$79,110,453 ",
        "release_date":"3\/8\/2013",
        "opening_revenue_over_total_revenue":34,
        "imdb_score":6.3,
        "rt_critics_score":56,
        "rt_audience_score":56
    },
    {
        "film_title":"Shang-Chi and the Legend of the Ten Rings",
        "brand":"Marvel",
        "box_office_revenue":"$224,543,292 ",
        "opening_revenue":"$75,388,688 ",
        "release_date":"9\/3\/2021",
        "opening_revenue_over_total_revenue":34,
        "imdb_score":7.4,
        "rt_critics_score":91,
        "rt_audience_score":98
    },
    {
        "film_title":"The Avengers",
        "brand":"Marvel",
        "box_office_revenue":"$623,357,910 ",
        "opening_revenue":"$207,438,708 ",
        "release_date":"5\/4\/2012",
        "opening_revenue_over_total_revenue":33,
        "imdb_score":8.0,
        "rt_critics_score":91,
        "rt_audience_score":91
    },
    {
        "film_title":"Guardians of the Galaxy Vol. 3",
        "brand":"Marvel",
        "box_office_revenue":"$358,995,815 ",
        "opening_revenue":"$118,414,021 ",
        "release_date":"5\/5\/2023",
        "opening_revenue_over_total_revenue":33,
        "imdb_score":7.9,
        "rt_critics_score":82,
        "rt_audience_score":94
    },
    {
        "film_title":"Maleficent: Mistress of Evil",
        "brand":"Disney Live Action Remake",
        "box_office_revenue":"$113,929,605 ",
        "opening_revenue":"$36,948,713 ",
        "release_date":"10\/18\/2019",
        "opening_revenue_over_total_revenue":32,
        "imdb_score":6.6,
        "rt_critics_score":39,
        "rt_audience_score":95
    },
    {
        "film_title":"Frankenweenie",
        "brand":"Disney Animated Feature",
        "box_office_revenue":"$35,291,068 ",
        "opening_revenue":"$11,412,213 ",
        "release_date":"10\/4\/2012",
        "opening_revenue_over_total_revenue":32,
        "imdb_score":6.9,
        "rt_critics_score":88,
        "rt_audience_score":70
    },
    {
        "film_title":"Spider-Man: No Way Home",
        "brand":"Marvel",
        "box_office_revenue":"$804,793,477 ",
        "opening_revenue":"$260,138,569 ",
        "release_date":"12\/17\/2021",
        "opening_revenue_over_total_revenue":32,
        "imdb_score":8.3,
        "rt_critics_score":93,
        "rt_audience_score":98
    },
    {
        "film_title":"Mars Needs Moms",
        "brand":"Disney Animated Feature",
        "box_office_revenue":"$21,392,758 ",
        "opening_revenue":"$6,914,488 ",
        "release_date":"3\/10\/2011",
        "opening_revenue_over_total_revenue":32,
        "imdb_score":5.4,
        "rt_critics_score":37,
        "rt_audience_score":40
    },
    {
        "film_title":"The Little Mermaid",
        "brand":"Disney Live Action Remake",
        "box_office_revenue":"$298,172,056 ",
        "opening_revenue":"$95,578,040 ",
        "release_date":"5\/4\/2023",
        "opening_revenue_over_total_revenue":32,
        "imdb_score":7.2,
        "rt_critics_score":67,
        "rt_audience_score":94
    },
    {
        "film_title":"Strange World",
        "brand":"Disney Animated Feature",
        "box_office_revenue":"$37,968,963 ",
        "opening_revenue":"$12,151,384 ",
        "release_date":"11\/23\/2022",
        "opening_revenue_over_total_revenue":32,
        "imdb_score":5.7,
        "rt_critics_score":72,
        "rt_audience_score":66
    },
    {
        "film_title":"The Good Dinosaur",
        "brand":"Pixar",
        "box_office_revenue":"$123,087,120 ",
        "opening_revenue":"$39,155,217 ",
        "release_date":"11\/25\/2015",
        "opening_revenue_over_total_revenue":32,
        "imdb_score":6.7,
        "rt_critics_score":75,
        "rt_audience_score":64
    },
    {
        "film_title":"Ant-Man",
        "brand":"Marvel",
        "box_office_revenue":"$180,202,163 ",
        "opening_revenue":"$57,225,526 ",
        "release_date":"7\/17\/2015",
        "opening_revenue_over_total_revenue":32,
        "imdb_score":7.3,
        "rt_critics_score":82,
        "rt_audience_score":85
    },
    {
        "film_title":"Treasure Planet",
        "brand":"Disney Animated Feature",
        "box_office_revenue":"$38,176,783 ",
        "opening_revenue":"$12,083,248 ",
        "release_date":"11\/6\/2002",
        "opening_revenue_over_total_revenue":32,
        "imdb_score":7.2,
        "rt_critics_score":69,
        "rt_audience_score":72
    },
    {
        "film_title":"Wish",
        "brand":"Disney Animated Feature",
        "box_office_revenue":"$63,628,102 ",
        "opening_revenue":"$19,698,228 ",
        "release_date":"11\/22\/2023",
        "opening_revenue_over_total_revenue":31,
        "imdb_score":5.7,
        "rt_critics_score":48,
        "rt_audience_score":81
    },
    {
        "film_title":"Monsters University",
        "brand":"Pixar",
        "box_office_revenue":"$268,492,764 ",
        "opening_revenue":"$82,429,469 ",
        "release_date":"6\/21\/2013",
        "opening_revenue_over_total_revenue":31,
        "imdb_score":7.2,
        "rt_critics_score":80,
        "rt_audience_score":81
    },
    {
        "film_title":"Valiant",
        "brand":"Disney Animated Feature",
        "box_office_revenue":"$19,478,106 ",
        "opening_revenue":"$5,914,722 ",
        "release_date":"8\/19\/2005",
        "opening_revenue_over_total_revenue":30,
        "imdb_score":5.5,
        "rt_critics_score":32,
        "rt_audience_score":29
    },
    {
        "film_title":"Incredibles 2",
        "brand":"Pixar",
        "box_office_revenue":"$608,581,744 ",
        "opening_revenue":"$182,687,905 ",
        "release_date":"6\/15\/2018",
        "opening_revenue_over_total_revenue":30,
        "imdb_score":7.6,
        "rt_critics_score":93,
        "rt_audience_score":84
    },
    {
        "film_title":"102 Dalmatians",
        "brand":"Disney Live Action Remake",
        "box_office_revenue":"$66,957,026 ",
        "opening_revenue":"$19,883,351 ",
        "release_date":"11\/22\/2000",
        "opening_revenue_over_total_revenue":30,
        "imdb_score":4.8,
        "rt_critics_score":30,
        "rt_audience_score":32
    },
    {
        "film_title":"Planes: Fire & Rescue",
        "brand":"Disney Animated Feature",
        "box_office_revenue":"$59,165,787 ",
        "opening_revenue":"$17,509,407 ",
        "release_date":"7\/17\/2014",
        "opening_revenue_over_total_revenue":30,
        "imdb_score":5.9,
        "rt_critics_score":44,
        "rt_audience_score":56
    },
    {
        "film_title":"Chicken Little",
        "brand":"Disney Animated Feature",
        "box_office_revenue":"$135,386,665 ",
        "opening_revenue":"$40,049,778 ",
        "release_date":"11\/4\/2005",
        "opening_revenue_over_total_revenue":30,
        "imdb_score":5.7,
        "rt_critics_score":36,
        "rt_audience_score":47
    },
    {
        "film_title":"Winnie The Pooh",
        "brand":"Disney Animated Feature",
        "box_office_revenue":"$26,692,846 ",
        "opening_revenue":"$7,857,076 ",
        "release_date":"7\/15\/2011",
        "opening_revenue_over_total_revenue":29,
        "imdb_score":7.1,
        "rt_critics_score":90,
        "rt_audience_score":80
    },
    {
        "film_title":"Rogue One: A Star Wars Story",
        "brand":"Lucasfilm",
        "box_office_revenue":"$532,177,324 ",
        "opening_revenue":"$155,081,681 ",
        "release_date":"12\/16\/2016",
        "opening_revenue_over_total_revenue":29,
        "imdb_score":7.8,
        "rt_critics_score":84,
        "rt_audience_score":87
    },
    {
        "film_title":"Black Panther",
        "brand":"Marvel",
        "box_office_revenue":"$700,059,566 ",
        "opening_revenue":"$202,003,951 ",
        "release_date":"2\/16\/2018",
        "opening_revenue_over_total_revenue":29,
        "imdb_score":7.3,
        "rt_critics_score":96,
        "rt_audience_score":79
    },
    {
        "film_title":"Maleficent",
        "brand":"Disney Live Action Remake",
        "box_office_revenue":"$241,410,378 ",
        "opening_revenue":"$69,431,298 ",
        "release_date":"5\/30\/2014",
        "opening_revenue_over_total_revenue":29,
        "imdb_score":6.9,
        "rt_critics_score":54,
        "rt_audience_score":70
    },
    {
        "film_title":"The Jungle Book",
        "brand":"Disney Live Action Remake",
        "box_office_revenue":"$364,001,123 ",
        "opening_revenue":"$103,261,464 ",
        "release_date":"4\/15\/2016",
        "opening_revenue_over_total_revenue":28,
        "imdb_score":7.4,
        "rt_critics_score":94,
        "rt_audience_score":86
    },
    {
        "film_title":"Encanto",
        "brand":"Disney Animated Feature",
        "box_office_revenue":"$96,093,622 ",
        "opening_revenue":"$27,206,494 ",
        "release_date":"11\/24\/2021",
        "opening_revenue_over_total_revenue":28,
        "imdb_score":7.2,
        "rt_critics_score":91,
        "rt_audience_score":93
    },
    {
        "film_title":"Guardians of the Galaxy",
        "brand":"Marvel",
        "box_office_revenue":"$333,176,600 ",
        "opening_revenue":"$94,320,883 ",
        "release_date":"8\/1\/2014",
        "opening_revenue_over_total_revenue":28,
        "imdb_score":8.0,
        "rt_critics_score":91,
        "rt_audience_score":92
    },
    {
        "film_title":"Pete's Dragon",
        "brand":"Disney Live Action Remake",
        "box_office_revenue":"$76,233,151 ",
        "opening_revenue":"$21,514,095 ",
        "release_date":"8\/12\/2016",
        "opening_revenue_over_total_revenue":28,
        "imdb_score":6.7,
        "rt_critics_score":88,
        "rt_audience_score":72
    },
    {
        "film_title":"WALL\u00b7E",
        "brand":"Pixar",
        "box_office_revenue":"$223,808,164 ",
        "opening_revenue":"$63,087,526 ",
        "release_date":"6\/27\/2008",
        "opening_revenue_over_total_revenue":28,
        "imdb_score":8.4,
        "rt_critics_score":95,
        "rt_audience_score":90
    },
    {
        "film_title":"Ralph Breaks the Internet",
        "brand":"Disney Animated Feature",
        "box_office_revenue":"$201,091,711 ",
        "opening_revenue":"$56,237,634 ",
        "release_date":"11\/21\/2018",
        "opening_revenue_over_total_revenue":28,
        "imdb_score":7.0,
        "rt_critics_score":88,
        "rt_audience_score":64
    },
    {
        "film_title":"Brave",
        "brand":"Pixar",
        "box_office_revenue":"$237,283,207 ",
        "opening_revenue":"$66,323,594 ",
        "release_date":"6\/22\/2012",
        "opening_revenue_over_total_revenue":28,
        "imdb_score":7.1,
        "rt_critics_score":79,
        "rt_audience_score":75
    },
    {
        "film_title":"Toy Story 4",
        "brand":"Pixar",
        "box_office_revenue":"$434,038,008 ",
        "opening_revenue":"$120,908,065 ",
        "release_date":"6\/21\/2019",
        "opening_revenue_over_total_revenue":28,
        "imdb_score":7.7,
        "rt_critics_score":97,
        "rt_audience_score":94
    },
    {
        "film_title":"Finding Dory",
        "brand":"Pixar",
        "box_office_revenue":"$486,295,561 ",
        "opening_revenue":"$135,060,273 ",
        "release_date":"6\/17\/2016",
        "opening_revenue_over_total_revenue":28,
        "imdb_score":7.2,
        "rt_critics_score":94,
        "rt_audience_score":84
    },
    {
        "film_title":"Home on the Range",
        "brand":"Disney Animated Feature",
        "box_office_revenue":"$50,030,461 ",
        "opening_revenue":"$13,880,771 ",
        "release_date":"4\/2\/2004",
        "opening_revenue_over_total_revenue":28,
        "imdb_score":5.4,
        "rt_critics_score":52,
        "rt_audience_score":29
    },
    {
        "film_title":"Frozen II",
        "brand":"Disney Animated Feature",
        "box_office_revenue":"$477,373,578 ",
        "opening_revenue":"$130,263,358 ",
        "release_date":"11\/22\/2019",
        "opening_revenue_over_total_revenue":27,
        "imdb_score":6.8,
        "rt_critics_score":78,
        "rt_audience_score":92
    },
    {
        "film_title":"The Incredibles",
        "brand":"Pixar",
        "box_office_revenue":"$261,441,092 ",
        "opening_revenue":"$70,467,623 ",
        "release_date":"11\/5\/2004",
        "opening_revenue_over_total_revenue":27,
        "imdb_score":8.0,
        "rt_critics_score":97,
        "rt_audience_score":75
    },
    {
        "film_title":"Toy Story 3",
        "brand":"Pixar",
        "box_office_revenue":"$415,004,880 ",
        "opening_revenue":"$110,307,189 ",
        "release_date":"6\/18\/2010",
        "opening_revenue_over_total_revenue":27,
        "imdb_score":8.3,
        "rt_critics_score":98,
        "rt_audience_score":90
    },
    {
        "film_title":"Star Wars: Episode VII - The Force Awakens",
        "brand":"Lucasfilm",
        "box_office_revenue":"$936,662,225 ",
        "opening_revenue":"$247,966,675 ",
        "release_date":"12\/18\/2015",
        "opening_revenue_over_total_revenue":27,
        "imdb_score":7.8,
        "rt_critics_score":93,
        "rt_audience_score":85
    },
    {
        "film_title":"James and the Giant Peach",
        "brand":"Disney Animated Feature",
        "box_office_revenue":"$28,946,127 ",
        "opening_revenue":"$7,539,098 ",
        "release_date":"4\/12\/1996",
        "opening_revenue_over_total_revenue":26,
        "imdb_score":6.7,
        "rt_critics_score":91,
        "rt_audience_score":66
    },
    {
        "film_title":"Wreck-It Ralph",
        "brand":"Disney Animated Feature",
        "box_office_revenue":"$189,422,889 ",
        "opening_revenue":"$49,038,712 ",
        "release_date":"11\/2\/2012",
        "opening_revenue_over_total_revenue":26,
        "imdb_score":7.7,
        "rt_critics_score":87,
        "rt_audience_score":86
    },
    {
        "film_title":"Aladdin",
        "brand":"Disney Live Action Remake",
        "box_office_revenue":"$355,559,216 ",
        "opening_revenue":"$91,500,929 ",
        "release_date":"5\/24\/2019",
        "opening_revenue_over_total_revenue":26,
        "imdb_score":6.9,
        "rt_critics_score":57,
        "rt_audience_score":94
    },
    {
        "film_title":"Meet the Robinsons",
        "brand":"Disney Animated Feature",
        "box_office_revenue":"$97,822,171 ",
        "opening_revenue":"$25,123,781 ",
        "release_date":"3\/30\/2007",
        "opening_revenue_over_total_revenue":26,
        "imdb_score":6.8,
        "rt_critics_score":67,
        "rt_audience_score":74
    },
    {
        "film_title":"Inside Out",
        "brand":"Pixar",
        "box_office_revenue":"$356,461,711 ",
        "opening_revenue":"$90,440,272 ",
        "release_date":"6\/19\/2015",
        "opening_revenue_over_total_revenue":25,
        "imdb_score":8.1,
        "rt_critics_score":98,
        "rt_audience_score":89
    },
    {
        "film_title":"Big Hero 6",
        "brand":"Disney Animated Feature",
        "box_office_revenue":"$222,527,828 ",
        "opening_revenue":"$56,215,889 ",
        "release_date":"11\/7\/2014",
        "opening_revenue_over_total_revenue":25,
        "imdb_score":7.8,
        "rt_critics_score":90,
        "rt_audience_score":91
    },
    {
        "film_title":"Cruella",
        "brand":"Disney Live Action Remake",
        "box_office_revenue":"$86,103,234 ",
        "opening_revenue":"$21,496,997 ",
        "release_date":"5\/28\/2021",
        "opening_revenue_over_total_revenue":25,
        "imdb_score":7.3,
        "rt_critics_score":75,
        "rt_audience_score":97
    },
    {
        "film_title":"Christopher Robin",
        "brand":"Disney Live Action Remake",
        "box_office_revenue":"$99,215,042 ",
        "opening_revenue":"$24,585,139 ",
        "release_date":"8\/3\/2018",
        "opening_revenue_over_total_revenue":25,
        "imdb_score":7.2,
        "rt_critics_score":72,
        "rt_audience_score":83
    },
    {
        "film_title":"Cars",
        "brand":"Pixar",
        "box_office_revenue":"$244,082,982 ",
        "opening_revenue":"$60,119,509 ",
        "release_date":"6\/9\/2006",
        "opening_revenue_over_total_revenue":25,
        "imdb_score":7.2,
        "rt_critics_score":75,
        "rt_audience_score":80
    },
    {
        "film_title":"Planes",
        "brand":"Disney Animated Feature",
        "box_office_revenue":"$90,288,712 ",
        "opening_revenue":"$22,232,291 ",
        "release_date":"8\/9\/2013",
        "opening_revenue_over_total_revenue":25,
        "imdb_score":5.7,
        "rt_critics_score":25,
        "rt_audience_score":49
    },
    {
        "film_title":"101 Dalmatians",
        "brand":"Disney Live Action Remake",
        "box_office_revenue":"$136,189,294 ",
        "opening_revenue":"$33,504,025 ",
        "release_date":"11\/27\/1996",
        "opening_revenue_over_total_revenue":25,
        "imdb_score":5.7,
        "rt_critics_score":39,
        "rt_audience_score":40
    },
    {
        "film_title":"Monsters, Inc.",
        "brand":"Pixar",
        "box_office_revenue":"$255,873,250 ",
        "opening_revenue":"$62,577,067 ",
        "release_date":"11\/2\/2001",
        "opening_revenue_over_total_revenue":25,
        "imdb_score":8.1,
        "rt_critics_score":96,
        "rt_audience_score":90
    },
    {
        "film_title":"Tangled",
        "brand":"Disney Animated Feature",
        "box_office_revenue":"$200,821,936 ",
        "opening_revenue":"$48,767,052 ",
        "release_date":"11\/24\/2010",
        "opening_revenue_over_total_revenue":24,
        "imdb_score":7.7,
        "rt_critics_score":89,
        "rt_audience_score":87
    },
    {
        "film_title":"Lilo & Stitch",
        "brand":"Disney Animated Feature",
        "box_office_revenue":"$145,794,338 ",
        "opening_revenue":"$35,260,212 ",
        "release_date":"6\/21\/2002",
        "opening_revenue_over_total_revenue":24,
        "imdb_score":7.3,
        "rt_critics_score":86,
        "rt_audience_score":77
    },
    {
        "film_title":"Coco",
        "brand":"Pixar",
        "box_office_revenue":"$210,460,015 ",
        "opening_revenue":"$50,802,605 ",
        "release_date":"11\/22\/2017",
        "opening_revenue_over_total_revenue":24,
        "imdb_score":8.4,
        "rt_critics_score":97,
        "rt_audience_score":94
    },
    {
        "film_title":"Spider-Man: Far from Home",
        "brand":"Marvel",
        "box_office_revenue":"$390,532,085 ",
        "opening_revenue":"$92,579,212 ",
        "release_date":"7\/2\/2019",
        "opening_revenue_over_total_revenue":24,
        "imdb_score":7.5,
        "rt_critics_score":90,
        "rt_audience_score":95
    },
    {
        "film_title":"Up",
        "brand":"Pixar",
        "box_office_revenue":"$293,004,164 ",
        "opening_revenue":"$68,108,790 ",
        "release_date":"5\/29\/2009",
        "opening_revenue_over_total_revenue":23,
        "imdb_score":8.3,
        "rt_critics_score":98,
        "rt_audience_score":90
    },
    {
        "film_title":"Bolt",
        "brand":"Disney Animated Feature",
        "box_office_revenue":"$114,053,579 ",
        "opening_revenue":"$26,223,128 ",
        "release_date":"11\/21\/2008",
        "opening_revenue_over_total_revenue":23,
        "imdb_score":6.8,
        "rt_critics_score":89,
        "rt_audience_score":74
    },
    {
        "film_title":"Ratatouille",
        "brand":"Pixar",
        "box_office_revenue":"$206,445,654 ",
        "opening_revenue":"$47,027,395 ",
        "release_date":"6\/29\/2007",
        "opening_revenue_over_total_revenue":23,
        "imdb_score":8.1,
        "rt_critics_score":96,
        "rt_audience_score":87
    },
    {
        "film_title":"Moana",
        "brand":"Disney Animated Feature",
        "box_office_revenue":"$248,757,044 ",
        "opening_revenue":"$56,631,401 ",
        "release_date":"11\/23\/2016",
        "opening_revenue_over_total_revenue":23,
        "imdb_score":7.6,
        "rt_critics_score":95,
        "rt_audience_score":89
    },
    {
        "film_title":"Zootopia",
        "brand":"Disney Animated Feature",
        "box_office_revenue":"$341,268,248 ",
        "opening_revenue":"$75,063,401 ",
        "release_date":"3\/4\/2016",
        "opening_revenue_over_total_revenue":22,
        "imdb_score":8.0,
        "rt_critics_score":98,
        "rt_audience_score":92
    },
    {
        "film_title":"A Christmas Carol",
        "brand":"Disney Animated Feature",
        "box_office_revenue":"$137,855,863 ",
        "opening_revenue":"$30,051,075 ",
        "release_date":"11\/6\/2009",
        "opening_revenue_over_total_revenue":22,
        "imdb_score":6.8,
        "rt_critics_score":52,
        "rt_audience_score":58
    },
    {
        "film_title":"The Hunchback of Notre Dame",
        "brand":"Disney Animated Feature",
        "box_office_revenue":"$100,138,851 ",
        "opening_revenue":"$21,037,414 ",
        "release_date":"6\/21\/1996",
        "opening_revenue_over_total_revenue":21,
        "imdb_score":7.0,
        "rt_critics_score":71,
        "rt_audience_score":70
    },
    {
        "film_title":"Finding Nemo",
        "brand":"Pixar",
        "box_office_revenue":"$339,714,978 ",
        "opening_revenue":"$70,251,710 ",
        "release_date":"5\/30\/2003",
        "opening_revenue_over_total_revenue":21,
        "imdb_score":8.2,
        "rt_critics_score":99,
        "rt_audience_score":86
    },
    {
        "film_title":"Tarzan",
        "brand":"Disney Animated Feature",
        "box_office_revenue":"$171,091,819 ",
        "opening_revenue":"$34,221,968 ",
        "release_date":"6\/16\/1999",
        "opening_revenue_over_total_revenue":20,
        "imdb_score":7.3,
        "rt_critics_score":89,
        "rt_audience_score":75
    },
    {
        "film_title":"Elemental",
        "brand":"Pixar",
        "box_office_revenue":"$154,426,697 ",
        "opening_revenue":"$29,602,429 ",
        "release_date":"6\/16\/2023",
        "opening_revenue_over_total_revenue":19,
        "imdb_score":7.0,
        "rt_critics_score":74,
        "rt_audience_score":93
    },
    {
        "film_title":"Mulan",
        "brand":"Disney Animated Feature",
        "box_office_revenue":"$120,620,254 ",
        "opening_revenue":"$22,745,143 ",
        "release_date":"6\/19\/1998",
        "opening_revenue_over_total_revenue":19,
        "imdb_score":7.7,
        "rt_critics_score":86,
        "rt_audience_score":85
    },
    {
        "film_title":"Raya And The Last Dragon",
        "brand":"Disney Animated Feature",
        "box_office_revenue":"$54,723,032 ",
        "opening_revenue":"$8,502,498 ",
        "release_date":"3\/5\/2021",
        "opening_revenue_over_total_revenue":16,
        "imdb_score":7.3,
        "rt_critics_score":94,
        "rt_audience_score":97
    },
    {
        "film_title":"Toy Story",
        "brand":"Pixar",
        "box_office_revenue":"$191,796,233 ",
        "opening_revenue":"$29,140,617 ",
        "release_date":"11\/22\/1995",
        "opening_revenue_over_total_revenue":15,
        "imdb_score":8.3,
        "rt_critics_score":100,
        "rt_audience_score":92
    },
    {
        "film_title":"The Jungle Book (1994)",
        "brand":"Disney Live Action Remake",
        "box_office_revenue":"$43,229,904 ",
        "opening_revenue":"$5,129,959 ",
        "release_date":"12\/25\/1994",
        "opening_revenue_over_total_revenue":12,
        "imdb_score":6.0,
        "rt_critics_score":80,
        "rt_audience_score":56
    },
    {
        "film_title":"The Emperor's New Groove",
        "brand":"Disney Animated Feature",
        "box_office_revenue":"$89,302,687 ",
        "opening_revenue":"$9,812,302 ",
        "release_date":"12\/15\/2000",
        "opening_revenue_over_total_revenue":11,
        "imdb_score":7.4,
        "rt_critics_score":86,
        "rt_audience_score":84
    },
    {
        "film_title":"The Little Mermaid (1989)",
        "brand":"Disney Animated Feature",
        "box_office_revenue":"$111,543,479 ",
        "opening_revenue":"$6,031,914 ",
        "release_date":"11\/17\/1989",
        "opening_revenue_over_total_revenue":5,
        "imdb_score":7.6,
        "rt_critics_score":93,
        "rt_audience_score":88
    },
    {
        "film_title":"Fantasia 2000",
        "brand":"Disney Animated Feature",
        "box_office_revenue":"$60,655,420 ",
        "opening_revenue":"$2,290,525 ",
        "release_date":"1\/1\/2000",
        "opening_revenue_over_total_revenue":4,
        "imdb_score":7.1,
        "rt_critics_score":80,
        "rt_audience_score":75
    },
    {
        "film_title":"Pocahontas",
        "brand":"Disney Animated Feature",
        "box_office_revenue":"$141,579,773 ",
        "opening_revenue":"$2,689,714 ",
        "release_date":"6\/16\/1995",
        "opening_revenue_over_total_revenue":2,
        "imdb_score":6.7,
        "rt_critics_score":55,
        "rt_audience_score":64
    },
    {
        "film_title":"The Princess and the Frog",
        "brand":"Disney Animated Feature",
        "box_office_revenue":"$104,400,899 ",
        "opening_revenue":"$786,190 ",
        "release_date":"11\/25\/2009",
        "opening_revenue_over_total_revenue":1,
        "imdb_score":7.1,
        "rt_critics_score":85,
        "rt_audience_score":74
    },
    {
        "film_title":"Atlantis: The Lost Empire",
        "brand":"Disney Animated Feature",
        "box_office_revenue":"$84,056,472 ",
        "opening_revenue":"$329,011 ",
        "release_date":"6\/8\/2001",
        "opening_revenue_over_total_revenue":0,
        "imdb_score":6.9,
        "rt_critics_score":49,
        "rt_audience_score":54
    },
    {
        "film_title":"The Lion King",
        "brand":"Disney Animated Feature",
        "box_office_revenue":"$422,783,777 ",
        "opening_revenue":"$1,586,753 ",
        "release_date":"6\/15\/1994",
        "opening_revenue_over_total_revenue":0,
        "imdb_score":8.5,
        "rt_critics_score":94,
        "rt_audience_score":93
    },
    {
        "film_title":"Brother Bear",
        "brand":"Disney Animated Feature",
        "box_office_revenue":"$85,336,277 ",
        "opening_revenue":"$291,940 ",
        "release_date":"10\/24\/2003",
        "opening_revenue_over_total_revenue":0,
        "imdb_score":6.8,
        "rt_critics_score":37,
        "rt_audience_score":65
    },
    {
        "film_title":"Hercules",
        "brand":"Disney Animated Feature",
        "box_office_revenue":"$99,112,101 ",
        "opening_revenue":"$249,567 ",
        "release_date":"6\/15\/1997",
        "opening_revenue_over_total_revenue":0,
        "imdb_score":7.3,
        "rt_critics_score":84,
        "rt_audience_score":76
    },
    {
        "film_title":"A Bug's Life",
        "brand":"Pixar",
        "box_office_revenue":"$162,798,565 ",
        "opening_revenue":"$291,121 ",
        "release_date":"11\/20\/1998",
        "opening_revenue_over_total_revenue":0,
        "imdb_score":7.2,
        "rt_critics_score":92,
        "rt_audience_score":72
    },
    {
        "film_title":"Toy Story 2",
        "brand":"Pixar",
        "box_office_revenue":"$245,852,179 ",
        "opening_revenue":"$300,163 ",
        "release_date":"11\/19\/1999",
        "opening_revenue_over_total_revenue":0,
        "imdb_score":7.9,
        "rt_critics_score":100,
        "rt_audience_score":87
    },
    {
        "film_title":"Beauty and the Beast",
        "brand":"Disney Animated Feature",
        "box_office_revenue":"$145,863,363 ",
        "opening_revenue":"$162,146 ",
        "release_date":"11\/15\/1991",
        "opening_revenue_over_total_revenue":0,
        "imdb_score":7.3,
        "rt_critics_score":94,
        "rt_audience_score":92
    },
    {
        "film_title":"Aladdin",
        "brand":"Disney Animated Feature",
        "box_office_revenue":"$217,350,219 ",
        "opening_revenue":"$196,664 ",
        "release_date":"11\/13\/1992",
        "opening_revenue_over_total_revenue":0,
        "imdb_score":8.0,
        "rt_critics_score":95,
        "rt_audience_score":92
    },
    {
        "film_title":"Frozen",
        "brand":"Disney Animated Feature",
        "box_office_revenue":"$400,738,009 ",
        "opening_revenue":"$243,390 ",
        "release_date":"11\/22\/2013",
        "opening_revenue_over_total_revenue":0,
        "imdb_score":7.4,
        "rt_critics_score":90,
        "rt_audience_score":85
    }
]